Name,Email,Date,Department,Salary
,,,,
John 1,john.1@gmail.com,2024-06-11,Engineering,64562
   Jane 2   ,   jane.2@yahoo.com   ,   9/23/2024   ,   Marketing   ,   134792   
Bob 3,bob.3@outlook.com,18/6/2024,Sales,130645
   Alice 4   ,   alice.4@company.com   ,   3-17-24   ,   HR   ,   56067   
Charlie 5,charlie.5@gmail.com,2024-03-03,Finance,135631
Diana 6,diana.6@yahoo.com,6/21/2024,Operations,144245
Edward 7,edward.7@outlook.com,6/3/2024,Engineering,90289
Frank 8,frank.8@company.com,9-19-24,Marketing,104432
Grace 9,grace.9@gmail.com,2024-09-16,Sales,67934
   Henry 10   ,   henry.10@yahoo.com   ,   9/9/2024   ,   HR   ,   137940   
,,,,
John 11,john.11@outlook.com,9/9/2024,Finance,97936
   Jane 12   ,   jane.12@company.com   ,   8-23-24   ,   Operations   ,   94266   
Bob 13,bob.13@gmail.com,2024-06-21,Engineering,149567
Alice 14,alice.14@yahoo.com,1/12/2024,Marketing,102208
Charlie 15,charlie.15@outlook.com,9/7/2024,Sales,68248
Diana 16,diana.16@company.com,8-9-24,HR,56348
Edward 17,edward.17@gmail.com,2024-11-25,Finance,72028
   Frank 18   ,   frank.18@yahoo.com   ,   11/22/2024   ,   Operations   ,   137012   
Grace 19,grace.19@outlook.com,26/10/2024,Engineering,50932
Henry 20,henry.20@company.com,4-19-24,Marketing,77622
John 21,john.21@gmail.com,2024-11-07,Sales,68936
Jane 22,jane.22@yahoo.com,9/4/2024,HR,71505
Bob 23,bob.23@outlook.com,28/2/2024,Finance,54456
,,,,
   Alice 24   ,   alice.24@company.com   ,   5-26-24   ,   Operations   ,   81233   
   Charlie 25   ,   charlie.25@gmail.com   ,   2024-03-18   ,   Engineering   ,   113199   
   Diana 26   ,   diana.26@yahoo.com   ,   12/7/2024   ,   Marketing   ,   75419   
Edward 27,edward.27@outlook.com,26/2/2024,Sales,148837
   Frank 28   ,   frank.28@company.com   ,   4-12-24   ,   HR   ,   134732   
   Grace 29   ,   grace.29@gmail.com   ,   2024-05-18   ,   Finance   ,   65814   
Henry 30,henry.30@yahoo.com,8/23/2024,Operations,148235
   John 31   ,   john.31@outlook.com   ,   22/8/2024   ,   Engineering   ,   117298   
Jane 32,jane.32@company.com,11-21-24,Marketing,107044
   Bob 33   ,   bob.33@gmail.com   ,   2024-01-10   ,   Sales   ,   86771   
Alice 34,alice.34@yahoo.com,11/13/2024,HR,144167
Charlie 35,charlie.35@outlook.com,23/12/2024,Finance,126990
Diana 36,diana.36@company.com,5-7-24,Operations,109119
Edward 37,edward.37@gmail.com,2024-11-07,Engineering,109000
   Frank 38   ,   frank.38@yahoo.com   ,   3/8/2024   ,   Marketing   ,   73559   
Grace 39,grace.39@outlook.com,21/4/2024,Sales,145473
Henry 40,henry.40@company.com,6-28-24,HR,58433
,,,,
   John 41   ,   john.41@gmail.com   ,   2024-03-01   ,   Finance   ,   130898   
Jane 42,jane.42@yahoo.com,1/13/2024,Operations,114119
   Bob 43   ,   bob.43@outlook.com   ,   22/12/2024   ,   Engineering   ,   123930   
Alice 44,alice.44@company.com,6-28-24,Marketing,90822
   Charlie 45   ,   charlie.45@gmail.com   ,   2024-10-03   ,   Sales   ,   86050   
   Diana 46   ,   diana.46@yahoo.com   ,   8/18/2024   ,   HR   ,   95139   
   Edward 47   ,   edward.47@outlook.com   ,   1/12/2024   ,   Finance   ,   113620   
   Frank 48   ,   frank.48@company.com   ,   10-6-24   ,   Operations   ,   121120   
Grace 49,grace.49@gmail.com,2024-08-10,Engineering,53995
Henry 50,henry.50@yahoo.com,1/21/2024,Marketing,108180
   John 51   ,   john.51@outlook.com   ,   10/8/2024   ,   Sales   ,   93187   
,,,,
Jane 52,jane.52@company.com,4-14-24,HR,82594
Bob 53,bob.53@gmail.com,2024-02-11,Finance,112249
Alice 54,alice.54@yahoo.com,10/6/2024,Operations,110911
   Charlie 55   ,   charlie.55@outlook.com   ,   17/6/2024   ,   Engineering   ,   92218   
Diana 56,diana.56@company.com,3-16-24,Marketing,135090
Edward 57,edward.57@gmail.com,2024-11-24,Sales,121842
Frank 58,frank.58@yahoo.com,10/1/2024,HR,123518
Grace 59,grace.59@outlook.com,9/1/2024,Finance,90815
,,,,
Henry 60,henry.60@company.com,7-22-24,Operations,75372
John 61,john.61@gmail.com,2024-09-02,Engineering,133840
,,,,
Jane 62,jane.62@yahoo.com,11/18/2024,Marketing,51436
Bob 63,bob.63@outlook.com,18/7/2024,Sales,63539
   Alice 64   ,   alice.64@company.com   ,   9-21-24   ,   HR   ,   68790   
Charlie 65,charlie.65@gmail.com,2024-04-16,Finance,50178
Diana 66,diana.66@yahoo.com,9/13/2024,Operations,104986
Edward 67,edward.67@outlook.com,11/6/2024,Engineering,82201
   Frank 68   ,   frank.68@company.com   ,   4-17-24   ,   Marketing   ,   97225   
Grace 69,grace.69@gmail.com,2024-02-26,Sales,123649
   Henry 70   ,   henry.70@yahoo.com   ,   7/19/2024   ,   HR   ,   119833   
,,,,
   John 71   ,   john.71@outlook.com   ,   5/5/2024   ,   Finance   ,   127124   
Jane 72,jane.72@company.com,7-10-24,Operations,80881
Bob 73,bob.73@gmail.com,2024-06-01,Engineering,128046
Alice 74,alice.74@yahoo.com,5/10/2024,Marketing,103161
   Charlie 75   ,   charlie.75@outlook.com   ,   2/10/2024   ,   Sales   ,   53005   
Diana 76,diana.76@company.com,1-3-24,HR,60913
   Edward 77   ,   edward.77@gmail.com   ,   2024-09-12   ,   Finance   ,   85906   
   Frank 78   ,   frank.78@yahoo.com   ,   2/23/2024   ,   Operations   ,   82553   
Grace 79,grace.79@outlook.com,21/8/2024,Engineering,59903
Henry 80,henry.80@company.com,12-1-24,Marketing,149771
   John 81   ,   john.81@gmail.com   ,   2024-06-05   ,   Sales   ,   121933   
   Jane 82   ,   jane.82@yahoo.com   ,   8/28/2024   ,   HR   ,   143543   
Bob 83,bob.83@outlook.com,6/1/2024,Finance,88738
   Alice 84   ,   alice.84@company.com   ,   6-5-24   ,   Operations   ,   142371   
Charlie 85,charlie.85@gmail.com,2024-11-18,Engineering,126269
Diana 86,diana.86@yahoo.com,8/28/2024,Marketing,79538
Edward 87,edward.87@outlook.com,10/10/2024,Sales,141420
Frank 88,frank.88@company.com,9-25-24,HR,93722
,,,,
Grace 89,grace.89@gmail.com,2024-08-20,Finance,68259
,,,,
Henry 90,henry.90@yahoo.com,12/13/2024,Operations,115634
   John 91   ,   john.91@outlook.com   ,   4/11/2024   ,   Engineering   ,   123521   
Jane 92,jane.92@company.com,7-20-24,Marketing,56881
   Bob 93   ,   bob.93@gmail.com   ,   2024-07-26   ,   Sales   ,   97708   
Alice 94,alice.94@yahoo.com,12/11/2024,HR,133577
Charlie 95,charlie.95@outlook.com,6/12/2024,Finance,109889
,,,,
Diana 96,diana.96@company.com,4-15-24,Operations,66651
Edward 97,edward.97@gmail.com,2024-01-03,Engineering,91243
Frank 98,frank.98@yahoo.com,1/27/2024,Marketing,80489
Grace 99,grace.99@outlook.com,10/5/2024,Sales,99668
Henry 100,henry.100@company.com,9-17-24,HR,87481
John 101,john.101@gmail.com,2024-05-15,Finance,133377
   Jane 102   ,   jane.102@yahoo.com   ,   2/17/2024   ,   Operations   ,   98199   
Bob 103,bob.103@outlook.com,22/8/2024,Engineering,97593
Alice 104,alice.104@company.com,3-11-24,Marketing,69015
Charlie 105,charlie.105@gmail.com,2024-07-07,Sales,130366
,,,,
Diana 106,diana.106@yahoo.com,3/14/2024,HR,109226
Edward 107,edward.107@outlook.com,12/6/2024,Finance,59678
Frank 108,frank.108@company.com,8-28-24,Operations,61906
   Grace 109   ,   grace.109@gmail.com   ,   2024-01-06   ,   Engineering   ,   79409   
   Henry 110   ,   henry.110@yahoo.com   ,   4/6/2024   ,   Marketing   ,   91352   
John 111,john.111@outlook.com,1/11/2024,Sales,69495
Jane 112,jane.112@company.com,2-4-24,HR,84605
Bob 113,bob.113@gmail.com,2024-07-11,Finance,149448
   Alice 114   ,   alice.114@yahoo.com   ,   4/4/2024   ,   Operations   ,   58500   
Charlie 115,charlie.115@outlook.com,4/10/2024,Engineering,97682
   Diana 116   ,   diana.116@company.com   ,   10-3-24   ,   Marketing   ,   76593   
,,,,
Edward 117,edward.117@gmail.com,2024-07-14,Sales,148582
,,,,
Frank 118,frank.118@yahoo.com,4/3/2024,HR,74934
   Grace 119   ,   grace.119@outlook.com   ,   23/10/2024   ,   Finance   ,   135523   
Henry 120,henry.120@company.com,12-7-24,Operations,59430
John 121,john.121@gmail.com,2024-12-24,Engineering,144446
Jane 122,jane.122@yahoo.com,12/24/2024,Marketing,74686
Bob 123,bob.123@outlook.com,19/9/2024,Sales,86838
   Alice 124   ,   alice.124@company.com   ,   10-25-24   ,   HR   ,   134062   
Charlie 125,charlie.125@gmail.com,2024-06-17,Finance,138919
Diana 126,diana.126@yahoo.com,9/8/2024,Operations,132369
Edward 127,edward.127@outlook.com,26/5/2024,Engineering,64988
   Frank 128   ,   frank.128@company.com   ,   1-19-24   ,   Marketing   ,   99340   
   Grace 129   ,   grace.129@gmail.com   ,   2024-12-14   ,   Sales   ,   52885   
Henry 130,henry.130@yahoo.com,9/24/2024,HR,131841
John 131,john.131@outlook.com,5/10/2024,Finance,90769
   Jane 132   ,   jane.132@company.com   ,   7-18-24   ,   Operations   ,   103025   
   Bob 133   ,   bob.133@gmail.com   ,   2024-08-12   ,   Engineering   ,   87532   
Alice 134,alice.134@yahoo.com,12/1/2024,Marketing,102768
Charlie 135,charlie.135@outlook.com,25/3/2024,Sales,85581
   Diana 136   ,   diana.136@company.com   ,   4-8-24   ,   HR   ,   72734   
   Edward 137   ,   edward.137@gmail.com   ,   2024-08-02   ,   Finance   ,   75088   
Frank 138,frank.138@yahoo.com,7/4/2024,Operations,131355
   Grace 139   ,   grace.139@outlook.com   ,   20/11/2024   ,   Engineering   ,   106431   
   Henry 140   ,   henry.140@company.com   ,   5-19-24   ,   Marketing   ,   147895   
John 141,john.141@gmail.com,2024-03-17,Sales,103007
   Jane 142   ,   jane.142@yahoo.com   ,   4/1/2024   ,   HR   ,   75146   
Bob 143,bob.143@outlook.com,20/2/2024,Finance,133255
   Alice 144   ,   alice.144@company.com   ,   6-15-24   ,   Operations   ,   123597   
Charlie 145,charlie.145@gmail.com,2024-02-07,Engineering,130687
Diana 146,diana.146@yahoo.com,12/14/2024,Marketing,64418
   Edward 147   ,   edward.147@outlook.com   ,   7/2/2024   ,   Sales   ,   148712   
,,,,
Frank 148,frank.148@company.com,2-14-24,HR,128492
Grace 149,grace.149@gmail.com,2024-11-26,Finance,96957
   Henry 150   ,   henry.150@yahoo.com   ,   8/23/2024   ,   Operations   ,   111085   
John 151,john.151@outlook.com,15/2/2024,Engineering,144149
Jane 152,jane.152@company.com,12-2-24,Marketing,63735
   Bob 153   ,   bob.153@gmail.com   ,   2024-12-21   ,   Sales   ,   126265   
Alice 154,alice.154@yahoo.com,3/14/2024,HR,91513
Charlie 155,charlie.155@outlook.com,27/1/2024,Finance,96973
   Diana 156   ,   diana.156@company.com   ,   10-22-24   ,   Operations   ,   130259   
Edward 157,edward.157@gmail.com,2024-04-23,Engineering,99049
Frank 158,frank.158@yahoo.com,1/18/2024,Marketing,54714
   Grace 159   ,   grace.159@outlook.com   ,   1/10/2024   ,   Sales   ,   140655   
Henry 160,henry.160@company.com,4-20-24,HR,89421
   John 161   ,   john.161@gmail.com   ,   2024-10-24   ,   Finance   ,   111516   
Jane 162,jane.162@yahoo.com,12/15/2024,Operations,138261
   Bob 163   ,   bob.163@outlook.com   ,   22/11/2024   ,   Engineering   ,   130637   
Alice 164,alice.164@company.com,2-5-24,Marketing,102002
Charlie 165,charlie.165@gmail.com,2024-09-16,Sales,144143
   Diana 166   ,   diana.166@yahoo.com   ,   12/23/2024   ,   HR   ,   62240   
Edward 167,edward.167@outlook.com,13/5/2024,Finance,104152
,,,,
Frank 168,frank.168@company.com,3-27-24,Operations,124436
Grace 169,grace.169@gmail.com,2024-06-16,Engineering,145648
Henry 170,henry.170@yahoo.com,1/14/2024,Marketing,99981
John 171,john.171@outlook.com,9/5/2024,Sales,54318
   Jane 172   ,   jane.172@company.com   ,   12-22-24   ,   HR   ,   50392   
Bob 173,bob.173@gmail.com,2024-10-05,Finance,123438
Alice 174,alice.174@yahoo.com,5/20/2024,Operations,92733
Charlie 175,charlie.175@outlook.com,4/5/2024,Engineering,92135
Diana 176,diana.176@company.com,6-1-24,Marketing,131634
   Edward 177   ,   edward.177@gmail.com   ,   2024-07-22   ,   Sales   ,   78084   
Frank 178,frank.178@yahoo.com,4/10/2024,HR,115002
Grace 179,grace.179@outlook.com,20/4/2024,Finance,81075
Henry 180,henry.180@company.com,1-27-24,Operations,131908
,,,,
John 181,john.181@gmail.com,2024-02-12,Engineering,77571
Jane 182,jane.182@yahoo.com,5/2/2024,Marketing,110049
   Bob 183   ,   bob.183@outlook.com   ,   25/8/2024   ,   Sales   ,   80019   
   Alice 184   ,   alice.184@company.com   ,   1-12-24   ,   HR   ,   72185   
   Charlie 185   ,   charlie.185@gmail.com   ,   2024-12-15   ,   Finance   ,   69857   
Diana 186,diana.186@yahoo.com,3/25/2024,Operations,117923
,,,,
Edward 187,edward.187@outlook.com,21/4/2024,Engineering,80400
   Frank 188   ,   frank.188@company.com   ,   2-2-24   ,   Marketing   ,   58670   
Grace 189,grace.189@gmail.com,2024-12-10,Sales,95266
Henry 190,henry.190@yahoo.com,1/14/2024,HR,110689
John 191,john.191@outlook.com,9/5/2024,Finance,62813
   Jane 192   ,   jane.192@company.com   ,   2-21-24   ,   Operations   ,   145637   
,,,,
   Bob 193   ,   bob.193@gmail.com   ,   2024-10-23   ,   Engineering   ,   108848   
   Alice 194   ,   alice.194@yahoo.com   ,   2/10/2024   ,   Marketing   ,   72525   
Charlie 195,charlie.195@outlook.com,19/7/2024,Sales,67713
   Diana 196   ,   diana.196@company.com   ,   5-8-24   ,   HR   ,   90708   
Edward 197,edward.197@gmail.com,2024-06-08,Finance,68839
Frank 198,frank.198@yahoo.com,12/8/2024,Operations,74963
Grace 199,grace.199@outlook.com,11/10/2024,Engineering,96645
Henry 200,henry.200@company.com,2-7-24,Marketing,119860
   John 201   ,   john.201@gmail.com   ,   2024-05-11   ,   Sales   ,   97229   
Jane 202,jane.202@yahoo.com,3/20/2024,HR,120851
Bob 203,bob.203@outlook.com,28/10/2024,Finance,53464
   Alice 204   ,   alice.204@company.com   ,   12-4-24   ,   Operations   ,   135624   
,,,,
Charlie 205,charlie.205@gmail.com,2024-01-19,Engineering,130878
   Diana 206   ,   diana.206@yahoo.com   ,   9/27/2024   ,   Marketing   ,   145378   
   Edward 207   ,   edward.207@outlook.com   ,   7/3/2024   ,   Sales   ,   126620   
Frank 208,frank.208@company.com,1-23-24,HR,114882
   Grace 209   ,   grace.209@gmail.com   ,   2024-01-18   ,   Finance   ,   59364   
   Henry 210   ,   henry.210@yahoo.com   ,   11/27/2024   ,   Operations   ,   88764   
John 211,john.211@outlook.com,11/7/2024,Engineering,86595
,,,,
   Jane 212   ,   jane.212@company.com   ,   8-27-24   ,   Marketing   ,   102450   
   Bob 213   ,   bob.213@gmail.com   ,   2024-08-26   ,   Sales   ,   75984   
,,,,
Alice 214,alice.214@yahoo.com,3/21/2024,HR,145062
Charlie 215,charlie.215@outlook.com,28/4/2024,Finance,82256
   Diana 216   ,   diana.216@company.com   ,   3-14-24   ,   Operations   ,   102616   
Edward 217,edward.217@gmail.com,2024-12-05,Engineering,109672
   Frank 218   ,   frank.218@yahoo.com   ,   2/1/2024   ,   Marketing   ,   142707   
Grace 219,grace.219@outlook.com,21/5/2024,Sales,85659
Henry 220,henry.220@company.com,3-7-24,HR,101677
John 221,john.221@gmail.com,2024-09-05,Finance,119139
Jane 222,jane.222@yahoo.com,1/17/2024,Operations,96114
Bob 223,bob.223@outlook.com,28/5/2024,Engineering,116213
   Alice 224   ,   alice.224@company.com   ,   3-3-24   ,   Marketing   ,   108147   
Charlie 225,charlie.225@gmail.com,2024-02-16,Sales,114569
Diana 226,diana.226@yahoo.com,7/21/2024,HR,90166
Edward 227,edward.227@outlook.com,24/9/2024,Finance,72345
Frank 228,frank.228@company.com,8-26-24,Operations,73995
,,,,
Grace 229,grace.229@gmail.com,2024-12-04,Engineering,88799
   Henry 230   ,   henry.230@yahoo.com   ,   1/16/2024   ,   Marketing   ,   106969   
John 231,john.231@outlook.com,8/5/2024,Sales,146185
Jane 232,jane.232@company.com,1-25-24,HR,110782
   Bob 233   ,   bob.233@gmail.com   ,   2024-01-17   ,   Finance   ,   111967   
Alice 234,alice.234@yahoo.com,8/4/2024,Operations,144730
Charlie 235,charlie.235@outlook.com,26/12/2024,Engineering,56855
Diana 236,diana.236@company.com,6-12-24,Marketing,148832
Edward 237,edward.237@gmail.com,2024-11-05,Sales,94048
Frank 238,frank.238@yahoo.com,1/9/2024,HR,120299
   Grace 239   ,   grace.239@outlook.com   ,   9/7/2024   ,   Finance   ,   96972   
Henry 240,henry.240@company.com,6-10-24,Operations,117158
   John 241   ,   john.241@gmail.com   ,   2024-08-01   ,   Engineering   ,   65665   
   Jane 242   ,   jane.242@yahoo.com   ,   7/11/2024   ,   Marketing   ,   116216   
Bob 243,bob.243@outlook.com,3/8/2024,Sales,111081
Alice 244,alice.244@company.com,10-4-24,HR,122527
   Charlie 245   ,   charlie.245@gmail.com   ,   2024-10-13   ,   Finance   ,   112354   
Diana 246,diana.246@yahoo.com,9/3/2024,Operations,80062
Edward 247,edward.247@outlook.com,20/1/2024,Engineering,121431
Frank 248,frank.248@company.com,2-3-24,Marketing,134549
Grace 249,grace.249@gmail.com,2024-03-04,Sales,139311
Henry 250,henry.250@yahoo.com,2/20/2024,HR,111936
John 251,john.251@outlook.com,22/1/2024,Finance,84939
   Jane 252   ,   jane.252@company.com   ,   9-8-24   ,   Operations   ,   67048   
   Bob 253   ,   bob.253@gmail.com   ,   2024-03-23   ,   Engineering   ,   90796   
Alice 254,alice.254@yahoo.com,2/16/2024,Marketing,82604
   Charlie 255   ,   charlie.255@outlook.com   ,   9/2/2024   ,   Sales   ,   149683   
Diana 256,diana.256@company.com,10-24-24,HR,116819
Edward 257,edward.257@gmail.com,2024-04-11,Finance,135832
   Frank 258   ,   frank.258@yahoo.com   ,   2/7/2024   ,   Operations   ,   120625   
Grace 259,grace.259@outlook.com,3/6/2024,Engineering,83873
Henry 260,henry.260@company.com,1-8-24,Marketing,144736
,,,,
John 261,john.261@gmail.com,2024-04-05,Sales,111710
Jane 262,jane.262@yahoo.com,8/3/2024,HR,99345
Bob 263,bob.263@outlook.com,19/10/2024,Finance,64768
   Alice 264   ,   alice.264@company.com   ,   1-15-24   ,   Operations   ,   121483   
Charlie 265,charlie.265@gmail.com,2024-01-10,Engineering,148462
Diana 266,diana.266@yahoo.com,2/26/2024,Marketing,91490
Edward 267,edward.267@outlook.com,22/2/2024,Sales,59027
   Frank 268   ,   frank.268@company.com   ,   2-22-24   ,   HR   ,   71177   
   Grace 269   ,   grace.269@gmail.com   ,   2024-04-22   ,   Finance   ,   70405   
Henry 270,henry.270@yahoo.com,11/24/2024,Operations,103803
John 271,john.271@outlook.com,25/8/2024,Engineering,59874
   Jane 272   ,   jane.272@company.com   ,   4-16-24   ,   Marketing   ,   53276   
Bob 273,bob.273@gmail.com,2024-10-28,Sales,56150
   Alice 274   ,   alice.274@yahoo.com   ,   3/27/2024   ,   HR   ,   94470   
,,,,
Charlie 275,charlie.275@outlook.com,20/3/2024,Finance,122014
Diana 276,diana.276@company.com,4-22-24,Operations,117997
Edward 277,edward.277@gmail.com,2024-07-19,Engineering,72689
   Frank 278   ,   frank.278@yahoo.com   ,   12/21/2024   ,   Marketing   ,   99602   
Grace 279,grace.279@outlook.com,18/12/2024,Sales,65848
   Henry 280   ,   henry.280@company.com   ,   10-10-24   ,   HR   ,   129796   
   John 281   ,   john.281@gmail.com   ,   2024-02-20   ,   Finance   ,   99960   
   Jane 282   ,   jane.282@yahoo.com   ,   5/19/2024   ,   Operations   ,   86467   
Bob 283,bob.283@outlook.com,27/3/2024,Engineering,143055
Alice 284,alice.284@company.com,4-16-24,Marketing,74872
Charlie 285,charlie.285@gmail.com,2024-02-19,Sales,87977
Diana 286,diana.286@yahoo.com,9/24/2024,HR,60797
Edward 287,edward.287@outlook.com,12/12/2024,Finance,50510
Frank 288,frank.288@company.com,6-24-24,Operations,52972
,,,,
Grace 289,grace.289@gmail.com,2024-06-11,Engineering,55822
Henry 290,henry.290@yahoo.com,6/16/2024,Marketing,115909
   John 291   ,   john.291@outlook.com   ,   18/10/2024   ,   Sales   ,   90929   
   Jane 292   ,   jane.292@company.com   ,   10-13-24   ,   HR   ,   74319   
Bob 293,bob.293@gmail.com,2024-11-05,Finance,146702
   Alice 294   ,   alice.294@yahoo.com   ,   6/21/2024   ,   Operations   ,   120237   
Charlie 295,charlie.295@outlook.com,22/1/2024,Engineering,75224
Diana 296,diana.296@company.com,6-6-24,Marketing,123208
   Edward 297   ,   edward.297@gmail.com   ,   2024-01-17   ,   Sales   ,   114882   
Frank 298,frank.298@yahoo.com,12/25/2024,HR,90113
Grace 299,grace.299@outlook.com,22/6/2024,Finance,108898
   Henry 300   ,   henry.300@company.com   ,   11-27-24   ,   Operations   ,   65621   
   John 301   ,   john.301@gmail.com   ,   2024-06-28   ,   Engineering   ,   78932   
   Jane 302   ,   jane.302@yahoo.com   ,   11/12/2024   ,   Marketing   ,   98433   
Bob 303,bob.303@outlook.com,26/2/2024,Sales,148449
,,,,
Alice 304,alice.304@company.com,8-23-24,HR,98033
Charlie 305,charlie.305@gmail.com,2024-11-12,Finance,121128
,,,,
   Diana 306   ,   diana.306@yahoo.com   ,   7/16/2024   ,   Operations   ,   55319   
Edward 307,edward.307@outlook.com,18/4/2024,Engineering,60794
,,,,
Frank 308,frank.308@company.com,12-6-24,Marketing,83179
Grace 309,grace.309@gmail.com,2024-08-01,Sales,127716
Henry 310,henry.310@yahoo.com,12/5/2024,HR,135757
John 311,john.311@outlook.com,25/2/2024,Finance,52944
Jane 312,jane.312@company.com,7-27-24,Operations,96109
Bob 313,bob.313@gmail.com,2024-08-03,Engineering,60561
,,,,
Alice 314,alice.314@yahoo.com,8/2/2024,Marketing,51752
Charlie 315,charlie.315@outlook.com,10/3/2024,Sales,74958
Diana 316,diana.316@company.com,7-21-24,HR,143872
   Edward 317   ,   edward.317@gmail.com   ,   2024-11-15   ,   Finance   ,   105256   
Frank 318,frank.318@yahoo.com,5/12/2024,Operations,88295
Grace 319,grace.319@outlook.com,2/8/2024,Engineering,109360
Henry 320,henry.320@company.com,1-28-24,Marketing,88306
John 321,john.321@gmail.com,2024-10-25,Sales,69285
Jane 322,jane.322@yahoo.com,9/25/2024,HR,147356
Bob 323,bob.323@outlook.com,6/11/2024,Finance,79774
Alice 324,alice.324@company.com,9-8-24,Operations,84362
   Charlie 325   ,   charlie.325@gmail.com   ,   2024-02-17   ,   Engineering   ,   81889   
   Diana 326   ,   diana.326@yahoo.com   ,   4/17/2024   ,   Marketing   ,   127395   
Edward 327,edward.327@outlook.com,27/10/2024,Sales,65153
Frank 328,frank.328@company.com,12-9-24,HR,97764
,,,,
Grace 329,grace.329@gmail.com,2024-09-14,Finance,73935
Henry 330,henry.330@yahoo.com,11/3/2024,Operations,136222
   John 331   ,   john.331@outlook.com   ,   18/2/2024   ,   Engineering   ,   111584   
Jane 332,jane.332@company.com,4-4-24,Marketing,62707
,,,,
Bob 333,bob.333@gmail.com,2024-11-01,Sales,134716
,,,,
Alice 334,alice.334@yahoo.com,5/18/2024,HR,73987
   Charlie 335   ,   charlie.335@outlook.com   ,   13/9/2024   ,   Finance   ,   58079   
Diana 336,diana.336@company.com,10-12-24,Operations,75861
Edward 337,edward.337@gmail.com,2024-10-20,Engineering,136141
   Frank 338   ,   frank.338@yahoo.com   ,   11/6/2024   ,   Marketing   ,   95925   
Grace 339,grace.339@outlook.com,24/2/2024,Sales,131382
   Henry 340   ,   henry.340@company.com   ,   3-17-24   ,   HR   ,   124547   
John 341,john.341@gmail.com,2024-09-03,Finance,116282
Jane 342,jane.342@yahoo.com,10/3/2024,Operations,91412
Bob 343,bob.343@outlook.com,28/5/2024,Engineering,97558
,,,,
Alice 344,alice.344@company.com,3-19-24,Marketing,96730
Charlie 345,charlie.345@gmail.com,2024-10-10,Sales,99183
Diana 346,diana.346@yahoo.com,2/3/2024,HR,59893
   Edward 347   ,   edward.347@outlook.com   ,   5/8/2024   ,   Finance   ,   89054   
Frank 348,frank.348@company.com,2-11-24,Operations,130176
   Grace 349   ,   grace.349@gmail.com   ,   2024-01-28   ,   Engineering   ,   53507   
Henry 350,henry.350@yahoo.com,3/13/2024,Marketing,139782
John 351,john.351@outlook.com,22/5/2024,Sales,113620
   Jane 352   ,   jane.352@company.com   ,   11-1-24   ,   HR   ,   100080   
Bob 353,bob.353@gmail.com,2024-07-22,Finance,103556
Alice 354,alice.354@yahoo.com,6/8/2024,Operations,90960
Charlie 355,charlie.355@outlook.com,25/9/2024,Engineering,113442
Diana 356,diana.356@company.com,9-10-24,Marketing,84685
Edward 357,edward.357@gmail.com,2024-03-08,Sales,128464
Frank 358,frank.358@yahoo.com,3/26/2024,HR,101357
   Grace 359   ,   grace.359@outlook.com   ,   13/2/2024   ,   Finance   ,   66193   
,,,,
   Henry 360   ,   henry.360@company.com   ,   11-16-24   ,   Operations   ,   129556   
   John 361   ,   john.361@gmail.com   ,   2024-05-27   ,   Engineering   ,   115038   
   Jane 362   ,   jane.362@yahoo.com   ,   12/3/2024   ,   Marketing   ,   130410   
   Bob 363   ,   bob.363@outlook.com   ,   13/4/2024   ,   Sales   ,   115772   
Alice 364,alice.364@company.com,1-21-24,HR,81980
   Charlie 365   ,   charlie.365@gmail.com   ,   2024-03-02   ,   Finance   ,   141477   
Diana 366,diana.366@yahoo.com,4/22/2024,Operations,93529
,,,,
Edward 367,edward.367@outlook.com,4/11/2024,Engineering,85370
Frank 368,frank.368@company.com,7-1-24,Marketing,89826
Grace 369,grace.369@gmail.com,2024-02-23,Sales,92962
   Henry 370   ,   henry.370@yahoo.com   ,   6/11/2024   ,   HR   ,   109988   
,,,,
John 371,john.371@outlook.com,14/1/2024,Finance,113502
,,,,
Jane 372,jane.372@company.com,10-16-24,Operations,60321
Bob 373,bob.373@gmail.com,2024-04-27,Engineering,122136
   Alice 374   ,   alice.374@yahoo.com   ,   5/18/2024   ,   Marketing   ,   107156   
   Charlie 375   ,   charlie.375@outlook.com   ,   27/4/2024   ,   Sales   ,   113222   
Diana 376,diana.376@company.com,12-1-24,HR,130240
,,,,
Edward 377,edward.377@gmail.com,2024-10-07,Finance,57197
Frank 378,frank.378@yahoo.com,6/10/2024,Operations,71606
Grace 379,grace.379@outlook.com,18/9/2024,Engineering,106576
   Henry 380   ,   henry.380@company.com   ,   5-27-24   ,   Marketing   ,   52816   
   John 381   ,   john.381@gmail.com   ,   2024-05-03   ,   Sales   ,   122666   
   Jane 382   ,   jane.382@yahoo.com   ,   10/6/2024   ,   HR   ,   96499   
   Bob 383   ,   bob.383@outlook.com   ,   7/11/2024   ,   Finance   ,   65874   
Alice 384,alice.384@company.com,3-27-24,Operations,112429
,,,,
Charlie 385,charlie.385@gmail.com,2024-09-23,Engineering,82353
   Diana 386   ,   diana.386@yahoo.com   ,   5/5/2024   ,   Marketing   ,   88624   
Edward 387,edward.387@outlook.com,27/8/2024,Sales,93099
Frank 388,frank.388@company.com,4-25-24,HR,120307
,,,,
Grace 389,grace.389@gmail.com,2024-03-15,Finance,50961
Henry 390,henry.390@yahoo.com,5/10/2024,Operations,107040
John 391,john.391@outlook.com,15/11/2024,Engineering,111262
,,,,
Jane 392,jane.392@company.com,1-13-24,Marketing,129922
   Bob 393   ,   bob.393@gmail.com   ,   2024-04-13   ,   Sales   ,   131526   
Alice 394,alice.394@yahoo.com,3/7/2024,HR,56900
Charlie 395,charlie.395@outlook.com,9/4/2024,Finance,91586
Diana 396,diana.396@company.com,6-14-24,Operations,101295
Edward 397,edward.397@gmail.com,2024-09-05,Engineering,109807
Frank 398,frank.398@yahoo.com,9/23/2024,Marketing,113654
Grace 399,grace.399@outlook.com,11/10/2024,Sales,142590
   Henry 400   ,   henry.400@company.com   ,   9-7-24   ,   HR   ,   147141   
John 401,john.401@gmail.com,2024-02-16,Finance,78755
Jane 402,jane.402@yahoo.com,5/28/2024,Operations,110735
,,,,
   Bob 403   ,   bob.403@outlook.com   ,   26/4/2024   ,   Engineering   ,   113429   
Alice 404,alice.404@company.com,1-20-24,Marketing,131221
Charlie 405,charlie.405@gmail.com,2024-08-27,Sales,66656
,,,,
Diana 406,diana.406@yahoo.com,4/15/2024,HR,101026
   Edward 407   ,   edward.407@outlook.com   ,   24/7/2024   ,   Finance   ,   148746   
Frank 408,frank.408@company.com,10-24-24,Operations,79307
,,,,
   Grace 409   ,   grace.409@gmail.com   ,   2024-11-07   ,   Engineering   ,   81781   
Henry 410,henry.410@yahoo.com,12/21/2024,Marketing,86088
John 411,john.411@outlook.com,27/6/2024,Sales,86060
Jane 412,jane.412@company.com,2-27-24,HR,120541
Bob 413,bob.413@gmail.com,2024-07-16,Finance,84847
,,,,
Alice 414,alice.414@yahoo.com,4/23/2024,Operations,138411
Charlie 415,charlie.415@outlook.com,12/1/2024,Engineering,101094
Diana 416,diana.416@company.com,1-2-24,Marketing,120163
   Edward 417   ,   edward.417@gmail.com   ,   2024-10-05   ,   Sales   ,   102831   
Frank 418,frank.418@yahoo.com,4/1/2024,HR,95028
Grace 419,grace.419@outlook.com,2/12/2024,Finance,91391
Henry 420,henry.420@company.com,11-14-24,Operations,94498
   John 421   ,   john.421@gmail.com   ,   2024-08-26   ,   Engineering   ,   146878   
Jane 422,jane.422@yahoo.com,5/25/2024,Marketing,93806
   Bob 423   ,   bob.423@outlook.com   ,   4/11/2024   ,   Sales   ,   132231   
Alice 424,alice.424@company.com,4-2-24,HR,60034
Charlie 425,charlie.425@gmail.com,2024-01-28,Finance,99899
Diana 426,diana.426@yahoo.com,8/17/2024,Operations,85258
Edward 427,edward.427@outlook.com,23/3/2024,Engineering,119441
Frank 428,frank.428@company.com,12-17-24,Marketing,80213
Grace 429,grace.429@gmail.com,2024-04-04,Sales,134944
Henry 430,henry.430@yahoo.com,1/6/2024,HR,131117
John 431,john.431@outlook.com,3/8/2024,Finance,136189
Jane 432,jane.432@company.com,6-22-24,Operations,137921
Bob 433,bob.433@gmail.com,2024-10-08,Engineering,80045
   Alice 434   ,   alice.434@yahoo.com   ,   9/17/2024   ,   Marketing   ,   145091   
Charlie 435,charlie.435@outlook.com,14/8/2024,Sales,95665
Diana 436,diana.436@company.com,8-26-24,HR,97834
Edward 437,edward.437@gmail.com,2024-12-04,Finance,112104
Frank 438,frank.438@yahoo.com,4/10/2024,Operations,120411
Grace 439,grace.439@outlook.com,17/12/2024,Engineering,81514
Henry 440,henry.440@company.com,11-28-24,Marketing,110357
   John 441   ,   john.441@gmail.com   ,   2024-12-24   ,   Sales   ,   62989   
Jane 442,jane.442@yahoo.com,11/22/2024,HR,97929
Bob 443,bob.443@outlook.com,23/4/2024,Finance,106039
Alice 444,alice.444@company.com,12-10-24,Operations,125430
Charlie 445,charlie.445@gmail.com,2024-09-03,Engineering,148801
Diana 446,diana.446@yahoo.com,6/22/2024,Marketing,88347
   Edward 447   ,   edward.447@outlook.com   ,   26/11/2024   ,   Sales   ,   105945   
,,,,
   Frank 448   ,   frank.448@company.com   ,   7-10-24   ,   HR   ,   118193   
Grace 449,grace.449@gmail.com,2024-01-07,Finance,90839
Henry 450,henry.450@yahoo.com,12/10/2024,Operations,98647
John 451,john.451@outlook.com,27/2/2024,Engineering,129076
Jane 452,jane.452@company.com,9-18-24,Marketing,140740
Bob 453,bob.453@gmail.com,2024-09-05,Sales,129750
Alice 454,alice.454@yahoo.com,10/16/2024,HR,137294
Charlie 455,charlie.455@outlook.com,26/2/2024,Finance,124432
   Diana 456   ,   diana.456@company.com   ,   2-16-24   ,   Operations   ,   122356   
Edward 457,edward.457@gmail.com,2024-02-09,Engineering,67606
   Frank 458   ,   frank.458@yahoo.com   ,   10/23/2024   ,   Marketing   ,   56596   
,,,,
   Grace 459   ,   grace.459@outlook.com   ,   1/5/2024   ,   Sales   ,   56941   
Henry 460,henry.460@company.com,5-28-24,HR,127352
John 461,john.461@gmail.com,2024-11-26,Finance,143320
   Jane 462   ,   jane.462@yahoo.com   ,   12/4/2024   ,   Operations   ,   132286   
Bob 463,bob.463@outlook.com,16/3/2024,Engineering,55786
Alice 464,alice.464@company.com,4-21-24,Marketing,116863
Charlie 465,charlie.465@gmail.com,2024-04-05,Sales,136518
   Diana 466   ,   diana.466@yahoo.com   ,   4/2/2024   ,   HR   ,   140200   
Edward 467,edward.467@outlook.com,5/1/2024,Finance,113748
Frank 468,frank.468@company.com,12-8-24,Operations,115264
Grace 469,grace.469@gmail.com,2024-03-18,Engineering,53771
   Henry 470   ,   henry.470@yahoo.com   ,   6/13/2024   ,   Marketing   ,   95874   
   John 471   ,   john.471@outlook.com   ,   2/10/2024   ,   Sales   ,   97610   
Jane 472,jane.472@company.com,10-24-24,HR,69447
   Bob 473   ,   bob.473@gmail.com   ,   2024-12-24   ,   Finance   ,   124014   
Alice 474,alice.474@yahoo.com,12/15/2024,Operations,94612
   Charlie 475   ,   charlie.475@outlook.com   ,   26/8/2024   ,   Engineering   ,   125941   
Diana 476,diana.476@company.com,10-7-24,Marketing,93892
Edward 477,edward.477@gmail.com,2024-04-25,Sales,70136
Frank 478,frank.478@yahoo.com,3/3/2024,HR,149717
   Grace 479   ,   grace.479@outlook.com   ,   19/1/2024   ,   Finance   ,   68979   
   Henry 480   ,   henry.480@company.com   ,   3-5-24   ,   Operations   ,   99688   
John 481,john.481@gmail.com,2024-06-27,Engineering,58158
   Jane 482   ,   jane.482@yahoo.com   ,   3/18/2024   ,   Marketing   ,   114629   
Bob 483,bob.483@outlook.com,17/8/2024,Sales,77887
   Alice 484   ,   alice.484@company.com   ,   12-14-24   ,   HR   ,   142871   
Charlie 485,charlie.485@gmail.com,2024-01-24,Finance,116295
Diana 486,diana.486@yahoo.com,2/28/2024,Operations,149699
   Edward 487   ,   edward.487@outlook.com   ,   12/8/2024   ,   Engineering   ,   114567   
Frank 488,frank.488@company.com,5-28-24,Marketing,52082
,,,,
Grace 489,grace.489@gmail.com,2024-03-16,Sales,130106
Henry 490,henry.490@yahoo.com,8/4/2024,HR,74961
   John 491   ,   john.491@outlook.com   ,   19/4/2024   ,   Finance   ,   124400   
Jane 492,jane.492@company.com,3-5-24,Operations,114450
Bob 493,bob.493@gmail.com,2024-08-09,Engineering,66002
Alice 494,alice.494@yahoo.com,9/11/2024,Marketing,97042
Charlie 495,charlie.495@outlook.com,16/1/2024,Sales,102318
Diana 496,diana.496@company.com,7-22-24,HR,53144
Edward 497,edward.497@gmail.com,2024-07-12,Finance,85071
   Frank 498   ,   frank.498@yahoo.com   ,   11/16/2024   ,   Operations   ,   135155   
,,,,
   Grace 499   ,   grace.499@outlook.com   ,   13/8/2024   ,   Engineering   ,   146266   
Henry 500,henry.500@company.com,8-17-24,Marketing,99923
John 501,john.501@gmail.com,2024-04-10,Sales,117671
   Jane 502   ,   jane.502@yahoo.com   ,   12/1/2024   ,   HR   ,   92086   
   Bob 503   ,   bob.503@outlook.com   ,   13/3/2024   ,   Finance   ,   70928   
   Alice 504   ,   alice.504@company.com   ,   12-11-24   ,   Operations   ,   61188   
Charlie 505,charlie.505@gmail.com,2024-01-20,Engineering,137787
Diana 506,diana.506@yahoo.com,5/25/2024,Marketing,77226
Edward 507,edward.507@outlook.com,22/5/2024,Sales,68930
,,,,
Frank 508,frank.508@company.com,9-1-24,HR,103820
Grace 509,grace.509@gmail.com,2024-01-09,Finance,140928
   Henry 510   ,   henry.510@yahoo.com   ,   7/4/2024   ,   Operations   ,   111020   
John 511,john.511@outlook.com,4/6/2024,Engineering,111965
   Jane 512   ,   jane.512@company.com   ,   3-9-24   ,   Marketing   ,   82060   
Bob 513,bob.513@gmail.com,2024-01-10,Sales,72057
Alice 514,alice.514@yahoo.com,4/7/2024,HR,112037
Charlie 515,charlie.515@outlook.com,28/7/2024,Finance,117136
,,,,
   Diana 516   ,   diana.516@company.com   ,   9-13-24   ,   Operations   ,   107154   
Edward 517,edward.517@gmail.com,2024-05-10,Engineering,118329
   Frank 518   ,   frank.518@yahoo.com   ,   7/6/2024   ,   Marketing   ,   103623   
Grace 519,grace.519@outlook.com,20/6/2024,Sales,84853
Henry 520,henry.520@company.com,2-9-24,HR,144113
   John 521   ,   john.521@gmail.com   ,   2024-05-15   ,   Finance   ,   97984   
Jane 522,jane.522@yahoo.com,2/15/2024,Operations,68823
Bob 523,bob.523@outlook.com,26/8/2024,Engineering,98875
Alice 524,alice.524@company.com,6-22-24,Marketing,86417
Charlie 525,charlie.525@gmail.com,2024-02-16,Sales,98694
Diana 526,diana.526@yahoo.com,5/20/2024,HR,75911
Edward 527,edward.527@outlook.com,6/9/2024,Finance,92777
Frank 528,frank.528@company.com,4-11-24,Operations,101076
Grace 529,grace.529@gmail.com,2024-12-04,Engineering,118079
   Henry 530   ,   henry.530@yahoo.com   ,   6/5/2024   ,   Marketing   ,   115698   
,,,,
John 531,john.531@outlook.com,7/1/2024,Sales,71612
Jane 532,jane.532@company.com,6-13-24,HR,111784
,,,,
   Bob 533   ,   bob.533@gmail.com   ,   2024-05-09   ,   Finance   ,   117915   
   Alice 534   ,   alice.534@yahoo.com   ,   7/21/2024   ,   Operations   ,   65251   
Charlie 535,charlie.535@outlook.com,12/11/2024,Engineering,128775
Diana 536,diana.536@company.com,12-23-24,Marketing,58918
Edward 537,edward.537@gmail.com,2024-06-10,Sales,71003
Frank 538,frank.538@yahoo.com,6/5/2024,HR,136677
Grace 539,grace.539@outlook.com,7/3/2024,Finance,123181
Henry 540,henry.540@company.com,7-11-24,Operations,114615
   John 541   ,   john.541@gmail.com   ,   2024-04-23   ,   Engineering   ,   93248   
Jane 542,jane.542@yahoo.com,12/8/2024,Marketing,119357
Bob 543,bob.543@outlook.com,3/7/2024,Sales,133228
Alice 544,alice.544@company.com,2-15-24,HR,148623
Charlie 545,charlie.545@gmail.com,2024-05-13,Finance,122382
Diana 546,diana.546@yahoo.com,3/27/2024,Operations,80687
Edward 547,edward.547@outlook.com,27/3/2024,Engineering,98806
Frank 548,frank.548@company.com,11-14-24,Marketing,59600
   Grace 549   ,   grace.549@gmail.com   ,   2024-11-23   ,   Sales   ,   53308   
Henry 550,henry.550@yahoo.com,1/25/2024,HR,124720
John 551,john.551@outlook.com,20/7/2024,Finance,129252
Jane 552,jane.552@company.com,6-27-24,Operations,68377
Bob 553,bob.553@gmail.com,2024-12-11,Engineering,78326
Alice 554,alice.554@yahoo.com,6/19/2024,Marketing,142834
Charlie 555,charlie.555@outlook.com,16/7/2024,Sales,82296
   Diana 556   ,   diana.556@company.com   ,   12-10-24   ,   HR   ,   84465   
Edward 557,edward.557@gmail.com,2024-05-24,Finance,130932
   Frank 558   ,   frank.558@yahoo.com   ,   3/26/2024   ,   Operations   ,   83388   
Grace 559,grace.559@outlook.com,10/4/2024,Engineering,93447
,,,,
Henry 560,henry.560@company.com,1-25-24,Marketing,56232
   John 561   ,   john.561@gmail.com   ,   2024-08-23   ,   Sales   ,   84499   
   Jane 562   ,   jane.562@yahoo.com   ,   5/21/2024   ,   HR   ,   78800   
Bob 563,bob.563@outlook.com,16/7/2024,Finance,93943
Alice 564,alice.564@company.com,11-27-24,Operations,130071
   Charlie 565   ,   charlie.565@gmail.com   ,   2024-09-22   ,   Engineering   ,   57622   
   Diana 566   ,   diana.566@yahoo.com   ,   11/21/2024   ,   Marketing   ,   140941   
,,,,
Edward 567,edward.567@outlook.com,21/5/2024,Sales,141490
Frank 568,frank.568@company.com,7-10-24,HR,144889
   Grace 569   ,   grace.569@gmail.com   ,   2024-12-14   ,   Finance   ,   140298   
Henry 570,henry.570@yahoo.com,6/1/2024,Operations,143006
John 571,john.571@outlook.com,4/8/2024,Engineering,141182
Jane 572,jane.572@company.com,4-22-24,Marketing,149406
   Bob 573   ,   bob.573@gmail.com   ,   2024-10-20   ,   Sales   ,   90078   
Alice 574,alice.574@yahoo.com,8/3/2024,HR,76186
Charlie 575,charlie.575@outlook.com,2/11/2024,Finance,110352
   Diana 576   ,   diana.576@company.com   ,   6-4-24   ,   Operations   ,   51530   
Edward 577,edward.577@gmail.com,2024-12-13,Engineering,117230
Frank 578,frank.578@yahoo.com,7/23/2024,Marketing,138789
Grace 579,grace.579@outlook.com,2/11/2024,Sales,99224
Henry 580,henry.580@company.com,5-19-24,HR,139531
John 581,john.581@gmail.com,2024-04-17,Finance,122115
   Jane 582   ,   jane.582@yahoo.com   ,   8/22/2024   ,   Operations   ,   136269   
   Bob 583   ,   bob.583@outlook.com   ,   6/6/2024   ,   Engineering   ,   140522   
Alice 584,alice.584@company.com,4-17-24,Marketing,146944
Charlie 585,charlie.585@gmail.com,2024-11-02,Sales,118396
Diana 586,diana.586@yahoo.com,3/26/2024,HR,98870
Edward 587,edward.587@outlook.com,22/2/2024,Finance,110918
Frank 588,frank.588@company.com,1-18-24,Operations,133355
Grace 589,grace.589@gmail.com,2024-08-24,Engineering,130560
Henry 590,henry.590@yahoo.com,9/6/2024,Marketing,117513
,,,,
   John 591   ,   john.591@outlook.com   ,   5/1/2024   ,   Sales   ,   75313   
Jane 592,jane.592@company.com,4-13-24,HR,113679
   Bob 593   ,   bob.593@gmail.com   ,   2024-11-03   ,   Finance   ,   91760   
Alice 594,alice.594@yahoo.com,11/15/2024,Operations,62090
Charlie 595,charlie.595@outlook.com,3/12/2024,Engineering,98765
Diana 596,diana.596@company.com,10-2-24,Marketing,145822
Edward 597,edward.597@gmail.com,2024-06-21,Sales,142469
,,,,
Frank 598,frank.598@yahoo.com,1/24/2024,HR,136358
   Grace 599   ,   grace.599@outlook.com   ,   3/1/2024   ,   Finance   ,   118263   
Henry 600,henry.600@company.com,10-10-24,Operations,140293
John 601,john.601@gmail.com,2024-12-08,Engineering,97162
   Jane 602   ,   jane.602@yahoo.com   ,   6/23/2024   ,   Marketing   ,   78997   
Bob 603,bob.603@outlook.com,22/5/2024,Sales,125887
Alice 604,alice.604@company.com,5-25-24,HR,133344
Charlie 605,charlie.605@gmail.com,2024-02-03,Finance,87593
,,,,
Diana 606,diana.606@yahoo.com,6/13/2024,Operations,62242
Edward 607,edward.607@outlook.com,4/10/2024,Engineering,115052
Frank 608,frank.608@company.com,6-14-24,Marketing,101983
   Grace 609   ,   grace.609@gmail.com   ,   2024-11-18   ,   Sales   ,   143787   
Henry 610,henry.610@yahoo.com,8/7/2024,HR,65416
John 611,john.611@outlook.com,4/12/2024,Finance,96321
   Jane 612   ,   jane.612@company.com   ,   4-16-24   ,   Operations   ,   81411   
   Bob 613   ,   bob.613@gmail.com   ,   2024-02-09   ,   Engineering   ,   149819   
   Alice 614   ,   alice.614@yahoo.com   ,   4/23/2024   ,   Marketing   ,   107669   
Charlie 615,charlie.615@outlook.com,17/5/2024,Sales,84235
Diana 616,diana.616@company.com,10-7-24,HR,72320
Edward 617,edward.617@gmail.com,2024-05-18,Finance,95110
,,,,
   Frank 618   ,   frank.618@yahoo.com   ,   5/1/2024   ,   Operations   ,   118215   
Grace 619,grace.619@outlook.com,5/8/2024,Engineering,143519
Henry 620,henry.620@company.com,3-12-24,Marketing,112811
   John 621   ,   john.621@gmail.com   ,   2024-06-25   ,   Sales   ,   64826   
Jane 622,jane.622@yahoo.com,11/22/2024,HR,144808
Bob 623,bob.623@outlook.com,19/1/2024,Finance,118859
   Alice 624   ,   alice.624@company.com   ,   12-21-24   ,   Operations   ,   129598   
Charlie 625,charlie.625@gmail.com,2024-07-19,Engineering,80925
   Diana 626   ,   diana.626@yahoo.com   ,   2/12/2024   ,   Marketing   ,   143275   
Edward 627,edward.627@outlook.com,3/3/2024,Sales,64838
   Frank 628   ,   frank.628@company.com   ,   12-13-24   ,   HR   ,   98069   
,,,,
   Grace 629   ,   grace.629@gmail.com   ,   2024-09-11   ,   Finance   ,   97155   
   Henry 630   ,   henry.630@yahoo.com   ,   10/7/2024   ,   Operations   ,   70723   
,,,,
   John 631   ,   john.631@outlook.com   ,   10/3/2024   ,   Engineering   ,   72330   
,,,,
Jane 632,jane.632@company.com,6-27-24,Marketing,107945
   Bob 633   ,   bob.633@gmail.com   ,   2024-08-17   ,   Sales   ,   123075   
Alice 634,alice.634@yahoo.com,12/10/2024,HR,122328
Charlie 635,charlie.635@outlook.com,1/5/2024,Finance,120420
Diana 636,diana.636@company.com,6-1-24,Operations,72992
Edward 637,edward.637@gmail.com,2024-06-22,Engineering,97623
Frank 638,frank.638@yahoo.com,1/27/2024,Marketing,51831
   Grace 639   ,   grace.639@outlook.com   ,   10/1/2024   ,   Sales   ,   68828   
   Henry 640   ,   henry.640@company.com   ,   8-16-24   ,   HR   ,   143052   
John 641,john.641@gmail.com,2024-09-03,Finance,142596
Jane 642,jane.642@yahoo.com,12/12/2024,Operations,117037
   Bob 643   ,   bob.643@outlook.com   ,   7/4/2024   ,   Engineering   ,   108421   
   Alice 644   ,   alice.644@company.com   ,   3-14-24   ,   Marketing   ,   140816   
Charlie 645,charlie.645@gmail.com,2024-01-21,Sales,137965
   Diana 646   ,   diana.646@yahoo.com   ,   8/4/2024   ,   HR   ,   67421   
   Edward 647   ,   edward.647@outlook.com   ,   14/6/2024   ,   Finance   ,   132429   
,,,,
Frank 648,frank.648@company.com,3-22-24,Operations,70402
,,,,
Grace 649,grace.649@gmail.com,2024-08-19,Engineering,69292
Henry 650,henry.650@yahoo.com,5/11/2024,Marketing,74468
John 651,john.651@outlook.com,21/5/2024,Sales,134004
,,,,
Jane 652,jane.652@company.com,6-4-24,HR,85316
Bob 653,bob.653@gmail.com,2024-05-09,Finance,106302
Alice 654,alice.654@yahoo.com,8/11/2024,Operations,120539
Charlie 655,charlie.655@outlook.com,14/2/2024,Engineering,84330
Diana 656,diana.656@company.com,4-22-24,Marketing,79939
,,,,
   Edward 657   ,   edward.657@gmail.com   ,   2024-11-23   ,   Sales   ,   148048   
Frank 658,frank.658@yahoo.com,2/28/2024,HR,110249
   Grace 659   ,   grace.659@outlook.com   ,   25/4/2024   ,   Finance   ,   140055   
Henry 660,henry.660@company.com,1-23-24,Operations,133213
John 661,john.661@gmail.com,2024-01-19,Engineering,110178
   Jane 662   ,   jane.662@yahoo.com   ,   3/5/2024   ,   Marketing   ,   76902   
Bob 663,bob.663@outlook.com,7/1/2024,Sales,126182
Alice 664,alice.664@company.com,3-10-24,HR,79067
   Charlie 665   ,   charlie.665@gmail.com   ,   2024-02-08   ,   Finance   ,   71604   
,,,,
   Diana 666   ,   diana.666@yahoo.com   ,   8/11/2024   ,   Operations   ,   91811   
,,,,
Edward 667,edward.667@outlook.com,25/7/2024,Engineering,124985
Frank 668,frank.668@company.com,5-7-24,Marketing,114522
Grace 669,grace.669@gmail.com,2024-08-02,Sales,109182
Henry 670,henry.670@yahoo.com,4/16/2024,HR,91494
John 671,john.671@outlook.com,27/10/2024,Finance,124255
,,,,
Jane 672,jane.672@company.com,3-1-24,Operations,121702
   Bob 673   ,   bob.673@gmail.com   ,   2024-12-03   ,   Engineering   ,   64437   
,,,,
Alice 674,alice.674@yahoo.com,2/6/2024,Marketing,67530
   Charlie 675   ,   charlie.675@outlook.com   ,   5/12/2024   ,   Sales   ,   129432   
Diana 676,diana.676@company.com,1-25-24,HR,119171
Edward 677,edward.677@gmail.com,2024-05-28,Finance,98167
Frank 678,frank.678@yahoo.com,6/23/2024,Operations,107825
Grace 679,grace.679@outlook.com,8/5/2024,Engineering,89703
   Henry 680   ,   henry.680@company.com   ,   1-28-24   ,   Marketing   ,   60385   
John 681,john.681@gmail.com,2024-04-12,Sales,147851
Jane 682,jane.682@yahoo.com,7/21/2024,HR,115117
Bob 683,bob.683@outlook.com,28/7/2024,Finance,65782
Alice 684,alice.684@company.com,9-17-24,Operations,85515
,,,,
Charlie 685,charlie.685@gmail.com,2024-10-27,Engineering,111105
Diana 686,diana.686@yahoo.com,5/3/2024,Marketing,135052
   Edward 687   ,   edward.687@outlook.com   ,   5/9/2024   ,   Sales   ,   68235   
Frank 688,frank.688@company.com,2-22-24,HR,137042
   Grace 689   ,   grace.689@gmail.com   ,   2024-10-03   ,   Finance   ,   133598   
Henry 690,henry.690@yahoo.com,5/8/2024,Operations,147098
John 691,john.691@outlook.com,7/1/2024,Engineering,106796
Jane 692,jane.692@company.com,1-17-24,Marketing,137877
   Bob 693   ,   bob.693@gmail.com   ,   2024-11-11   ,   Sales   ,   115050   
   Alice 694   ,   alice.694@yahoo.com   ,   2/23/2024   ,   HR   ,   68234   
,,,,
Charlie 695,charlie.695@outlook.com,2/5/2024,Finance,62699
Diana 696,diana.696@company.com,6-5-24,Operations,118925
   Edward 697   ,   edward.697@gmail.com   ,   2024-09-01   ,   Engineering   ,   129219   
   Frank 698   ,   frank.698@yahoo.com   ,   12/22/2024   ,   Marketing   ,   102782   
Grace 699,grace.699@outlook.com,14/2/2024,Sales,98694
Henry 700,henry.700@company.com,12-23-24,HR,103455
   John 701   ,   john.701@gmail.com   ,   2024-07-04   ,   Finance   ,   52190   
Jane 702,jane.702@yahoo.com,10/11/2024,Operations,97945
Bob 703,bob.703@outlook.com,20/6/2024,Engineering,131393
Alice 704,alice.704@company.com,10-17-24,Marketing,70253
Charlie 705,charlie.705@gmail.com,2024-04-03,Sales,68589
Diana 706,diana.706@yahoo.com,8/7/2024,HR,141660
Edward 707,edward.707@outlook.com,15/5/2024,Finance,122142
Frank 708,frank.708@company.com,8-10-24,Operations,147123
Grace 709,grace.709@gmail.com,2024-12-13,Engineering,68221
   Henry 710   ,   henry.710@yahoo.com   ,   12/14/2024   ,   Marketing   ,   132000   
John 711,john.711@outlook.com,11/5/2024,Sales,101069
Jane 712,jane.712@company.com,12-3-24,HR,113586
   Bob 713   ,   bob.713@gmail.com   ,   2024-06-13   ,   Finance   ,   80354   
Alice 714,alice.714@yahoo.com,3/25/2024,Operations,106063
Charlie 715,charlie.715@outlook.com,11/5/2024,Engineering,124717
Diana 716,diana.716@company.com,9-19-24,Marketing,76484
   Edward 717   ,   edward.717@gmail.com   ,   2024-10-15   ,   Sales   ,   105360   
Frank 718,frank.718@yahoo.com,10/15/2024,HR,95458
Grace 719,grace.719@outlook.com,19/2/2024,Finance,50885
   Henry 720   ,   henry.720@company.com   ,   9-13-24   ,   Operations   ,   128504   
   John 721   ,   john.721@gmail.com   ,   2024-01-16   ,   Engineering   ,   113594   
Jane 722,jane.722@yahoo.com,8/8/2024,Marketing,109912
,,,,
Bob 723,bob.723@outlook.com,20/7/2024,Sales,119309
Alice 724,alice.724@company.com,9-28-24,HR,53823
   Charlie 725   ,   charlie.725@gmail.com   ,   2024-11-21   ,   Finance   ,   82944   
   Diana 726   ,   diana.726@yahoo.com   ,   2/12/2024   ,   Operations   ,   105070   
   Edward 727   ,   edward.727@outlook.com   ,   26/5/2024   ,   Engineering   ,   120221   
   Frank 728   ,   frank.728@company.com   ,   9-27-24   ,   Marketing   ,   61285   
Grace 729,grace.729@gmail.com,2024-02-19,Sales,75001
Henry 730,henry.730@yahoo.com,4/28/2024,HR,59860
   John 731   ,   john.731@outlook.com   ,   16/7/2024   ,   Finance   ,   76874   
Jane 732,jane.732@company.com,2-15-24,Operations,127439
Bob 733,bob.733@gmail.com,2024-04-26,Engineering,80452
Alice 734,alice.734@yahoo.com,2/16/2024,Marketing,97464
Charlie 735,charlie.735@outlook.com,6/9/2024,Sales,137392
   Diana 736   ,   diana.736@company.com   ,   9-3-24   ,   HR   ,   79520   
,,,,
   Edward 737   ,   edward.737@gmail.com   ,   2024-09-18   ,   Finance   ,   56568   
,,,,
   Frank 738   ,   frank.738@yahoo.com   ,   8/14/2024   ,   Operations   ,   106471   
   Grace 739   ,   grace.739@outlook.com   ,   21/12/2024   ,   Engineering   ,   104185   
   Henry 740   ,   henry.740@company.com   ,   9-4-24   ,   Marketing   ,   104035   
John 741,john.741@gmail.com,2024-12-02,Sales,103034
Jane 742,jane.742@yahoo.com,4/3/2024,HR,56531
Bob 743,bob.743@outlook.com,15/5/2024,Finance,85449
Alice 744,alice.744@company.com,2-20-24,Operations,131644
Charlie 745,charlie.745@gmail.com,2024-01-18,Engineering,91447
Diana 746,diana.746@yahoo.com,9/19/2024,Marketing,139766
,,,,
Edward 747,edward.747@outlook.com,2/7/2024,Sales,55757
Frank 748,frank.748@company.com,11-28-24,HR,145071
Grace 749,grace.749@gmail.com,2024-04-14,Finance,61984
   Henry 750   ,   henry.750@yahoo.com   ,   2/24/2024   ,   Operations   ,   56221   
John 751,john.751@outlook.com,2/2/2024,Engineering,71838
Jane 752,jane.752@company.com,2-10-24,Marketing,52646
Bob 753,bob.753@gmail.com,2024-07-01,Sales,69837
Alice 754,alice.754@yahoo.com,7/9/2024,HR,50534
Charlie 755,charlie.755@outlook.com,21/8/2024,Finance,108906
   Diana 756   ,   diana.756@company.com   ,   5-21-24   ,   Operations   ,   96084   
Edward 757,edward.757@gmail.com,2024-12-26,Engineering,127393
   Frank 758   ,   frank.758@yahoo.com   ,   6/8/2024   ,   Marketing   ,   54638   
,,,,
Grace 759,grace.759@outlook.com,27/6/2024,Sales,131205
Henry 760,henry.760@company.com,12-11-24,HR,118859
John 761,john.761@gmail.com,2024-05-27,Finance,91636
Jane 762,jane.762@yahoo.com,10/13/2024,Operations,53799
   Bob 763   ,   bob.763@outlook.com   ,   18/11/2024   ,   Engineering   ,   50695   
Alice 764,alice.764@company.com,8-17-24,Marketing,92536
   Charlie 765   ,   charlie.765@gmail.com   ,   2024-10-10   ,   Sales   ,   54096   
Diana 766,diana.766@yahoo.com,3/6/2024,HR,134800
   Edward 767   ,   edward.767@outlook.com   ,   16/12/2024   ,   Finance   ,   79720   
Frank 768,frank.768@company.com,8-18-24,Operations,52934
   Grace 769   ,   grace.769@gmail.com   ,   2024-03-11   ,   Engineering   ,   106754   
Henry 770,henry.770@yahoo.com,10/4/2024,Marketing,117129
,,,,
John 771,john.771@outlook.com,5/4/2024,Sales,114685
   Jane 772   ,   jane.772@company.com   ,   11-1-24   ,   HR   ,   122207   
Bob 773,bob.773@gmail.com,2024-10-13,Finance,115620
Alice 774,alice.774@yahoo.com,11/23/2024,Operations,82739
,,,,
   Charlie 775   ,   charlie.775@outlook.com   ,   22/7/2024   ,   Engineering   ,   59449   
   Diana 776   ,   diana.776@company.com   ,   7-15-24   ,   Marketing   ,   130224   
,,,,
   Edward 777   ,   edward.777@gmail.com   ,   2024-08-03   ,   Sales   ,   53193   
   Frank 778   ,   frank.778@yahoo.com   ,   9/18/2024   ,   HR   ,   108339   
,,,,
Grace 779,grace.779@outlook.com,3/8/2024,Finance,99710
Henry 780,henry.780@company.com,4-14-24,Operations,83796
   John 781   ,   john.781@gmail.com   ,   2024-04-22   ,   Engineering   ,   136126   
   Jane 782   ,   jane.782@yahoo.com   ,   4/7/2024   ,   Marketing   ,   52065   
,,,,
   Bob 783   ,   bob.783@outlook.com   ,   6/7/2024   ,   Sales   ,   100714   
Alice 784,alice.784@company.com,10-13-24,HR,124404
Charlie 785,charlie.785@gmail.com,2024-06-06,Finance,79488
Diana 786,diana.786@yahoo.com,1/20/2024,Operations,113764
Edward 787,edward.787@outlook.com,8/4/2024,Engineering,149810
Frank 788,frank.788@company.com,1-21-24,Marketing,143842
Grace 789,grace.789@gmail.com,2024-05-28,Sales,70761
   Henry 790   ,   henry.790@yahoo.com   ,   4/12/2024   ,   HR   ,   118146   
John 791,john.791@outlook.com,17/11/2024,Finance,50674
Jane 792,jane.792@company.com,12-20-24,Operations,95720
Bob 793,bob.793@gmail.com,2024-10-11,Engineering,130736
,,,,
Alice 794,alice.794@yahoo.com,5/15/2024,Marketing,140971
Charlie 795,charlie.795@outlook.com,21/8/2024,Sales,57865
Diana 796,diana.796@company.com,5-9-24,HR,149428
Edward 797,edward.797@gmail.com,2024-11-14,Finance,137328
Frank 798,frank.798@yahoo.com,12/22/2024,Operations,123008
Grace 799,grace.799@outlook.com,16/9/2024,Engineering,95015
   Henry 800   ,   henry.800@company.com   ,   8-17-24   ,   Marketing   ,   66787   
   John 801   ,   john.801@gmail.com   ,   2024-02-15   ,   Sales   ,   57631   
Jane 802,jane.802@yahoo.com,10/8/2024,HR,114968
,,,,
Bob 803,bob.803@outlook.com,15/8/2024,Finance,115518
Alice 804,alice.804@company.com,8-9-24,Operations,120631
   Charlie 805   ,   charlie.805@gmail.com   ,   2024-03-13   ,   Engineering   ,   92672   
   Diana 806   ,   diana.806@yahoo.com   ,   1/12/2024   ,   Marketing   ,   119362   
Edward 807,edward.807@outlook.com,15/6/2024,Sales,100402
Frank 808,frank.808@company.com,3-24-24,HR,106928
Grace 809,grace.809@gmail.com,2024-02-09,Finance,147123
   Henry 810   ,   henry.810@yahoo.com   ,   11/16/2024   ,   Operations   ,   103182   
John 811,john.811@outlook.com,16/3/2024,Engineering,133123
Jane 812,jane.812@company.com,1-6-24,Marketing,93700
   Bob 813   ,   bob.813@gmail.com   ,   2024-08-07   ,   Sales   ,   111870   
Alice 814,alice.814@yahoo.com,5/7/2024,HR,76163
   Charlie 815   ,   charlie.815@outlook.com   ,   12/2/2024   ,   Finance   ,   67492   
Diana 816,diana.816@company.com,6-25-24,Operations,112613
Edward 817,edward.817@gmail.com,2024-06-02,Engineering,147817
Frank 818,frank.818@yahoo.com,4/28/2024,Marketing,95909
Grace 819,grace.819@outlook.com,22/3/2024,Sales,62038
   Henry 820   ,   henry.820@company.com   ,   9-22-24   ,   HR   ,   144150   
John 821,john.821@gmail.com,2024-01-23,Finance,122294
Jane 822,jane.822@yahoo.com,3/6/2024,Operations,61363
Bob 823,bob.823@outlook.com,26/11/2024,Engineering,53971
Alice 824,alice.824@company.com,8-2-24,Marketing,88263
   Charlie 825   ,   charlie.825@gmail.com   ,   2024-11-16   ,   Sales   ,   130256   
Diana 826,diana.826@yahoo.com,11/20/2024,HR,102387
   Edward 827   ,   edward.827@outlook.com   ,   7/5/2024   ,   Finance   ,   67497   
Frank 828,frank.828@company.com,1-21-24,Operations,102632
Grace 829,grace.829@gmail.com,2024-10-17,Engineering,64950
   Henry 830   ,   henry.830@yahoo.com   ,   2/12/2024   ,   Marketing   ,   67293   
John 831,john.831@outlook.com,14/5/2024,Sales,58602
   Jane 832   ,   jane.832@company.com   ,   1-28-24   ,   HR   ,   113081   
   Bob 833   ,   bob.833@gmail.com   ,   2024-12-15   ,   Finance   ,   116604   
Alice 834,alice.834@yahoo.com,7/12/2024,Operations,144963
Charlie 835,charlie.835@outlook.com,23/9/2024,Engineering,125544
Diana 836,diana.836@company.com,11-10-24,Marketing,115334
Edward 837,edward.837@gmail.com,2024-12-19,Sales,101457
Frank 838,frank.838@yahoo.com,1/27/2024,HR,99400
   Grace 839   ,   grace.839@outlook.com   ,   23/8/2024   ,   Finance   ,   74253   
   Henry 840   ,   henry.840@company.com   ,   11-8-24   ,   Operations   ,   122821   
John 841,john.841@gmail.com,2024-06-17,Engineering,63420
Jane 842,jane.842@yahoo.com,3/12/2024,Marketing,78640
   Bob 843   ,   bob.843@outlook.com   ,   1/10/2024   ,   Sales   ,   110750   
Alice 844,alice.844@company.com,3-7-24,HR,121439
   Charlie 845   ,   charlie.845@gmail.com   ,   2024-09-15   ,   Finance   ,   61827   
Diana 846,diana.846@yahoo.com,5/4/2024,Operations,82237
Edward 847,edward.847@outlook.com,19/9/2024,Engineering,91551
,,,,
Frank 848,frank.848@company.com,1-25-24,Marketing,67203
Grace 849,grace.849@gmail.com,2024-03-01,Sales,58764
Henry 850,henry.850@yahoo.com,10/1/2024,HR,113213
John 851,john.851@outlook.com,24/8/2024,Finance,137187
Jane 852,jane.852@company.com,10-19-24,Operations,89823
,,,,
   Bob 853   ,   bob.853@gmail.com   ,   2024-04-23   ,   Engineering   ,   149392   
Alice 854,alice.854@yahoo.com,5/15/2024,Marketing,92084
Charlie 855,charlie.855@outlook.com,18/9/2024,Sales,86707
Diana 856,diana.856@company.com,10-3-24,HR,108399
   Edward 857   ,   edward.857@gmail.com   ,   2024-11-05   ,   Finance   ,   120164   
Frank 858,frank.858@yahoo.com,8/19/2024,Operations,67185
Grace 859,grace.859@outlook.com,16/9/2024,Engineering,140942
Henry 860,henry.860@company.com,12-10-24,Marketing,69088
   John 861   ,   john.861@gmail.com   ,   2024-01-16   ,   Sales   ,   149511   
Jane 862,jane.862@yahoo.com,3/8/2024,HR,69473
   Bob 863   ,   bob.863@outlook.com   ,   27/12/2024   ,   Finance   ,   145092   
Alice 864,alice.864@company.com,11-3-24,Operations,81313
Charlie 865,charlie.865@gmail.com,2024-12-08,Engineering,141672
Diana 866,diana.866@yahoo.com,6/4/2024,Marketing,57134
   Edward 867   ,   edward.867@outlook.com   ,   15/1/2024   ,   Sales   ,   113219   
,,,,
Frank 868,frank.868@company.com,4-2-24,HR,141870
   Grace 869   ,   grace.869@gmail.com   ,   2024-08-19   ,   Finance   ,   113675   
Henry 870,henry.870@yahoo.com,2/10/2024,Operations,125799
John 871,john.871@outlook.com,26/8/2024,Engineering,106919
   Jane 872   ,   jane.872@company.com   ,   2-22-24   ,   Marketing   ,   77658   
Bob 873,bob.873@gmail.com,2024-04-11,Sales,101128
   Alice 874   ,   alice.874@yahoo.com   ,   11/22/2024   ,   HR   ,   114855   
Charlie 875,charlie.875@outlook.com,26/4/2024,Finance,83461
   Diana 876   ,   diana.876@company.com   ,   11-24-24   ,   Operations   ,   123920   
Edward 877,edward.877@gmail.com,2024-07-01,Engineering,148125
Frank 878,frank.878@yahoo.com,6/25/2024,Marketing,77815
Grace 879,grace.879@outlook.com,22/12/2024,Sales,68106
   Henry 880   ,   henry.880@company.com   ,   10-24-24   ,   HR   ,   133910   
   John 881   ,   john.881@gmail.com   ,   2024-03-28   ,   Finance   ,   94415   
Jane 882,jane.882@yahoo.com,1/12/2024,Operations,137450
Bob 883,bob.883@outlook.com,14/12/2024,Engineering,141414
   Alice 884   ,   alice.884@company.com   ,   3-23-24   ,   Marketing   ,   66620   
Charlie 885,charlie.885@gmail.com,2024-06-05,Sales,137543
,,,,
Diana 886,diana.886@yahoo.com,3/17/2024,HR,118031
Edward 887,edward.887@outlook.com,26/6/2024,Finance,138610
Frank 888,frank.888@company.com,3-11-24,Operations,104824
Grace 889,grace.889@gmail.com,2024-12-01,Engineering,130681
Henry 890,henry.890@yahoo.com,6/8/2024,Marketing,97746
   John 891   ,   john.891@outlook.com   ,   17/6/2024   ,   Sales   ,   116186   
Jane 892,jane.892@company.com,6-11-24,HR,149412
   Bob 893   ,   bob.893@gmail.com   ,   2024-11-06   ,   Finance   ,   74970   
Alice 894,alice.894@yahoo.com,5/24/2024,Operations,149336
,,,,
   Charlie 895   ,   charlie.895@outlook.com   ,   18/5/2024   ,   Engineering   ,   119860   
Diana 896,diana.896@company.com,11-12-24,Marketing,97723
Edward 897,edward.897@gmail.com,2024-02-11,Sales,98931
,,,,
Frank 898,frank.898@yahoo.com,10/14/2024,HR,80910
Grace 899,grace.899@outlook.com,16/8/2024,Finance,94388
Henry 900,henry.900@company.com,10-9-24,Operations,78981
   John 901   ,   john.901@gmail.com   ,   2024-09-11   ,   Engineering   ,   58121   
Jane 902,jane.902@yahoo.com,1/22/2024,Marketing,63719
Bob 903,bob.903@outlook.com,19/8/2024,Sales,121463
,,,,
Alice 904,alice.904@company.com,6-1-24,HR,69717
Charlie 905,charlie.905@gmail.com,2024-05-22,Finance,132048
   Diana 906   ,   diana.906@yahoo.com   ,   7/4/2024   ,   Operations   ,   108061   
Edward 907,edward.907@outlook.com,15/6/2024,Engineering,87819
Frank 908,frank.908@company.com,5-11-24,Marketing,105350
Grace 909,grace.909@gmail.com,2024-06-06,Sales,139997
Henry 910,henry.910@yahoo.com,9/27/2024,HR,66396
John 911,john.911@outlook.com,1/3/2024,Finance,120521
,,,,
Jane 912,jane.912@company.com,3-18-24,Operations,57496
Bob 913,bob.913@gmail.com,2024-02-10,Engineering,53322
Alice 914,alice.914@yahoo.com,2/10/2024,Marketing,71072
Charlie 915,charlie.915@outlook.com,16/5/2024,Sales,68310
   Diana 916   ,   diana.916@company.com   ,   9-22-24   ,   HR   ,   139372   
Edward 917,edward.917@gmail.com,2024-10-07,Finance,79304
   Frank 918   ,   frank.918@yahoo.com   ,   11/19/2024   ,   Operations   ,   78068   
Grace 919,grace.919@outlook.com,25/10/2024,Engineering,68782
Henry 920,henry.920@company.com,7-15-24,Marketing,114487
   John 921   ,   john.921@gmail.com   ,   2024-06-25   ,   Sales   ,   148528   
   Jane 922   ,   jane.922@yahoo.com   ,   9/17/2024   ,   HR   ,   63449   
Bob 923,bob.923@outlook.com,26/8/2024,Finance,84119
,,,,
Alice 924,alice.924@company.com,5-6-24,Operations,132585
Charlie 925,charlie.925@gmail.com,2024-07-20,Engineering,132181
Diana 926,diana.926@yahoo.com,7/4/2024,Marketing,57415
Edward 927,edward.927@outlook.com,20/6/2024,Sales,128192
,,,,
   Frank 928   ,   frank.928@company.com   ,   8-16-24   ,   HR   ,   81393   
,,,,
Grace 929,grace.929@gmail.com,2024-05-25,Finance,148184
Henry 930,henry.930@yahoo.com,10/10/2024,Operations,85148
John 931,john.931@outlook.com,20/9/2024,Engineering,98609
   Jane 932   ,   jane.932@company.com   ,   5-7-24   ,   Marketing   ,   128726   
   Bob 933   ,   bob.933@gmail.com   ,   2024-02-12   ,   Sales   ,   129840   
Alice 934,alice.934@yahoo.com,2/23/2024,HR,73562
,,,,
Charlie 935,charlie.935@outlook.com,6/3/2024,Finance,53594
,,,,
Diana 936,diana.936@company.com,8-10-24,Operations,115835
Edward 937,edward.937@gmail.com,2024-07-02,Engineering,145119
Frank 938,frank.938@yahoo.com,8/22/2024,Marketing,79199
,,,,
Grace 939,grace.939@outlook.com,5/1/2024,Sales,56921
,,,,
   Henry 940   ,   henry.940@company.com   ,   12-10-24   ,   HR   ,   89669   
,,,,
John 941,john.941@gmail.com,2024-02-04,Finance,139890
,,,,
   Jane 942   ,   jane.942@yahoo.com   ,   9/27/2024   ,   Operations   ,   136982   
Bob 943,bob.943@outlook.com,16/11/2024,Engineering,101740
Alice 944,alice.944@company.com,2-6-24,Marketing,78068
   Charlie 945   ,   charlie.945@gmail.com   ,   2024-06-05   ,   Sales   ,   119635   
Diana 946,diana.946@yahoo.com,6/14/2024,HR,56164
Edward 947,edward.947@outlook.com,23/8/2024,Finance,119905
,,,,
Frank 948,frank.948@company.com,9-12-24,Operations,128825
   Grace 949   ,   grace.949@gmail.com   ,   2024-11-14   ,   Engineering   ,   109726   
Henry 950,henry.950@yahoo.com,4/12/2024,Marketing,53942
John 951,john.951@outlook.com,21/7/2024,Sales,114992
   Jane 952   ,   jane.952@company.com   ,   3-22-24   ,   HR   ,   107903   
,,,,
   Bob 953   ,   bob.953@gmail.com   ,   2024-10-21   ,   Finance   ,   132946   
Alice 954,alice.954@yahoo.com,10/15/2024,Operations,144001
,,,,
Charlie 955,charlie.955@outlook.com,13/2/2024,Engineering,95731
   Diana 956   ,   diana.956@company.com   ,   2-9-24   ,   Marketing   ,   130170   
Edward 957,edward.957@gmail.com,2024-12-15,Sales,98492
   Frank 958   ,   frank.958@yahoo.com   ,   8/18/2024   ,   HR   ,   139631   
Grace 959,grace.959@outlook.com,19/4/2024,Finance,140437
,,,,
Henry 960,henry.960@company.com,1-28-24,Operations,67299
,,,,
John 961,john.961@gmail.com,2024-04-02,Engineering,147813
,,,,
Jane 962,jane.962@yahoo.com,2/27/2024,Marketing,120350
   Bob 963   ,   bob.963@outlook.com   ,   21/2/2024   ,   Sales   ,   98245   
Alice 964,alice.964@company.com,9-17-24,HR,85994
Charlie 965,charlie.965@gmail.com,2024-03-19,Finance,129464
   Diana 966   ,   diana.966@yahoo.com   ,   11/21/2024   ,   Operations   ,   50960   
   Edward 967   ,   edward.967@outlook.com   ,   16/5/2024   ,   Engineering   ,   100565   
Frank 968,frank.968@company.com,5-20-24,Marketing,114447
,,,,
Grace 969,grace.969@gmail.com,2024-12-20,Sales,111689
Henry 970,henry.970@yahoo.com,5/6/2024,HR,118340
,,,,
   John 971   ,   john.971@outlook.com   ,   19/8/2024   ,   Finance   ,   96452   
   Jane 972   ,   jane.972@company.com   ,   8-6-24   ,   Operations   ,   85984   
Bob 973,bob.973@gmail.com,2024-06-09,Engineering,77961
Alice 974,alice.974@yahoo.com,9/14/2024,Marketing,113742
,,,,
Charlie 975,charlie.975@outlook.com,14/8/2024,Sales,117194
Diana 976,diana.976@company.com,7-28-24,HR,67358
,,,,
   Edward 977   ,   edward.977@gmail.com   ,   2024-10-11   ,   Finance   ,   100257   
Frank 978,frank.978@yahoo.com,5/11/2024,Operations,68308
   Grace 979   ,   grace.979@outlook.com   ,   21/3/2024   ,   Engineering   ,   75131   
Henry 980,henry.980@company.com,11-9-24,Marketing,85375
John 981,john.981@gmail.com,2024-08-04,Sales,100744
   Jane 982   ,   jane.982@yahoo.com   ,   8/6/2024   ,   HR   ,   137810   
Bob 983,bob.983@outlook.com,12/4/2024,Finance,107396
Alice 984,alice.984@company.com,2-23-24,Operations,120492
Charlie 985,charlie.985@gmail.com,2024-09-06,Engineering,86349
   Diana 986   ,   diana.986@yahoo.com   ,   4/1/2024   ,   Marketing   ,   128784   
Edward 987,edward.987@outlook.com,3/2/2024,Sales,78204
Frank 988,frank.988@company.com,3-6-24,HR,77465
,,,,
   Grace 989   ,   grace.989@gmail.com   ,   2024-01-03   ,   Finance   ,   142392   
Henry 990,henry.990@yahoo.com,7/11/2024,Operations,61096
John 991,john.991@outlook.com,10/11/2024,Engineering,67614
   Jane 992   ,   jane.992@company.com   ,   6-14-24   ,   Marketing   ,   59853   
Bob 993,bob.993@gmail.com,2024-03-24,Sales,122531
Alice 994,alice.994@yahoo.com,1/27/2024,HR,123268
Charlie 995,charlie.995@outlook.com,14/6/2024,Finance,101312
Diana 996,diana.996@company.com,6-11-24,Operations,142250
   Edward 997   ,   edward.997@gmail.com   ,   2024-02-08   ,   Engineering   ,   79350   
Frank 998,frank.998@yahoo.com,12/15/2024,Marketing,139420
   Grace 999   ,   grace.999@outlook.com   ,   1/7/2024   ,   Sales   ,   146733   
Henry 1000,henry.1000@company.com,6-17-24,HR,50386